{
    "textures": {
        "particle": "#texture"
    },
    "elements": [
        {   "from": [ 0, 0, 13 ],
            "to": [ 16, 16, 16 ],
            "faces": {
                "down":  { "uv": [  0, 13, 16, 16 ], "rotation": 180, "texture": "#side_front", "cullface": "down" },
                "up":    { "uv": [  0, 16, 16, 13 ], "texture": "#side_back", "cullface": "up" },
                "north": { "uv": [  0,  0, 16, 16 ], "texture": "#texture" },
                "south": { "uv": [  0,  0, 16, 16 ], "texture": "#texture", "cullface": "south" },
                "west":  { "uv": [ 16,  13, 0, 16 ], "rotation": 90, "texture": "#side_right", "cullface": "west" },
                "east":  { "uv": [ 0,  13, 16, 16 ], "rotation": 90, "texture": "#side_left", "cullface": "east" }
            }
        }
    ]
}
